Symbol,Security,GICS Sector,GICS Sub-Industry,Headquarters Location,Date added,CIK,Founded,Market,Name
MMM,3M,Industrials,Industrial Conglomerates,"Saint Paul, Minnesota",1957-03-04,66740.0,1902,US,3M Company
AOS,A. O. Smith,Industrials,Building Products,"Milwaukee, Wisconsin",2017-07-26,91142.0,1916,US,A. O. Smith Corporation
ABT,Abbott Laboratories,Health Care,Health Care Equipment,"North Chicago, Illinois",1957-03-04,1800.0,1888,US,Abbott Laboratories
ABBV,AbbVie,Health Care,Biotechnology,"North Chicago, Illinois",2012-12-31,1551152.0,2013 (1888),US,AbbVie Inc.
ACN,Accenture,Information Technology,IT Consulting & Other Services,"Dublin, Ireland",2011-07-06,1467373.0,1989,US,Accenture plc
ADBE,Adobe Inc.,Information Technology,Application Software,"San Jose, California",1997-05-05,796343.0,1982,US,Adobe Inc.
AMD,Advanced Micro Devices,Information Technology,Semiconductors,"Santa Clara, California",2017-03-20,2488.0,1969,US,
AES,AES Corporation,Utilities,Independent Power Producers & Energy Traders,"Arlington, Virginia",1998-10-02,874761.0,1981,US,The AES Corporation
AFL,Aflac,Financials,Life & Health Insurance,"Columbus, Georgia",1999-05-28,4977.0,1955,US,Aflac Incorporated
A,Agilent Technologies,Health Care,Life Sciences Tools & Services,"Santa Clara, California",2000-06-05,1090872.0,1999,US,"Agilent Technologies, Inc."
APD,Air Products,Materials,Industrial Gases,"Upper Macungie Township, Pennsylvania",1985-04-30,2969.0,1940,US,"Air Products and Chemicals, Inc."
ABNB,Airbnb,Consumer Discretionary,"Hotels, Resorts & Cruise Lines","San Francisco, California",2023-09-18,1559720.0,2008,US,"Airbnb, Inc."
AKAM,Akamai Technologies,Information Technology,Internet Services & Infrastructure,"Cambridge, Massachusetts",2007-07-12,1086222.0,1998,US,"Akamai Technologies, Inc."
ALB,Albemarle Corporation,Materials,Specialty Chemicals,"Charlotte, North Carolina",2016-07-01,915913.0,1994,US,Albemarle Corporation
ARE,Alexandria Real Estate Equities,Real Estate,Office REITs,"Pasadena, California",2017-03-20,1035443.0,1994,US,"Alexandria Real Estate Equities, Inc."
ALGN,Align Technology,Health Care,Health Care Supplies,"Tempe, Arizona",2017-06-19,1097149.0,1997,US,"Align Technology, Inc."
ALLE,Allegion,Industrials,Building Products,"Dublin, Ireland",2013-12-02,1579241.0,1908,US,Allegion plc
LNT,Alliant Energy,Utilities,Electric Utilities,"Madison, Wisconsin",2016-07-01,352541.0,1917,US,Alliant Energy Corporation
ALL,Allstate,Financials,Property & Casualty Insurance,"Northbrook, Illinois",1995-07-13,899051.0,1931,US,The Allstate Corporation
GOOGL,Alphabet Inc. (Class A),Communication Services,Interactive Media & Services,"Mountain View, California",2014-04-03,1652044.0,1998,US,Alphabet Inc.
GOOG,Alphabet Inc. (Class C),Communication Services,Interactive Media & Services,"Mountain View, California",2006-04-03,1652044.0,1998,US,Alphabet Inc.
MO,Altria,Consumer Staples,Tobacco,"Richmond, Virginia",1957-03-04,764180.0,1985,US,"Altria Group, Inc."
AMZN,Amazon,Consumer Discretionary,Broadline Retail,"Seattle, Washington",2005-11-18,1018724.0,1994,US,"Amazon.com, Inc."
AMCR,Amcor,Materials,Paper & Plastic Packaging Products & Materials,"Warmley, Bristol, United Kingdom",2019-06-07,1748790.0,2019 (1860),US,Amcor plc
AEE,Ameren,Utilities,Multi-Utilities,"St. Louis, Missouri",1991-09-19,1002910.0,1902,US,Ameren Corporation
AEP,American Electric Power,Utilities,Electric Utilities,"Columbus, Ohio",1957-03-04,4904.0,1906,US,"American Electric Power Company, Inc."
AXP,American Express,Financials,Consumer Finance,"New York City, New York",1976-06-30,4962.0,1850,US,American Express Company
AIG,American International Group,Financials,Multi-line Insurance,"New York City, New York",1980-03-31,5272.0,1919,US,"American International Group, Inc."
AMT,American Tower,Real Estate,Telecom Tower REITs,"Boston, Massachusetts",2007-11-19,1053507.0,1995,US,American Tower Corporation
AWK,American Water Works,Utilities,Water Utilities,"Camden, New Jersey",2016-03-04,1410636.0,1886,US,"American Water Works Company, Inc."
AMP,Ameriprise Financial,Financials,Asset Management & Custody Banks,"Minneapolis, Minnesota",2005-10-03,820027.0,1894,US,"Ameriprise Financial, Inc."
AME,Ametek,Industrials,Electrical Components & Equipment,"Berwyn, Pennsylvania",2013-09-23,1037868.0,1930,US,"AMETEK, Inc."
AMGN,Amgen,Health Care,Biotechnology,"Thousand Oaks, California",1992-01-02,318154.0,1980,US,Amgen Inc.
APH,Amphenol,Information Technology,Electronic Components,"Wallingford, Connecticut",2008-09-30,820313.0,1932,US,Amphenol Corporation
ADI,Analog Devices,Information Technology,Semiconductors,"Wilmington, Massachusetts",1999-10-12,6281.0,1965,US,"Analog Devices, Inc."
ANSS,Ansys,Information Technology,Application Software,"Canonsburg, Pennsylvania",2017-06-19,1013462.0,1969,US,"ANSYS, Inc."
AON,Aon plc,Financials,Insurance Brokers,"London, United Kingdom",1996-04-23,315293.0,1982 (1919),US,Aon plc
APA,APA Corporation,Energy,Oil & Gas Exploration & Production,"Houston, Texas",1997-07-28,1841666.0,1954,US,APA Corporation
APO,Apollo Global Management,Financials,Asset Management & Custody Banks,"New York City, New York",2024-12-23,1858681.0,1990,US,"Apollo Global Management, Inc."
AAPL,Apple Inc.,Information Technology,"Technology Hardware, Storage & Peripherals","Cupertino, California",1982-11-30,320193.0,1977,US,Apple Inc.
AMAT,Applied Materials,Information Technology,Semiconductor Materials & Equipment,"Santa Clara, California",1995-03-16,6951.0,1967,US,"Applied Materials, Inc."
APTV,Aptiv,Consumer Discretionary,Automotive Parts & Equipment,"Dublin, Ireland",2012-12-24,1521332.0,1994,US,Aptiv PLC
ACGL,Arch Capital Group,Financials,Property & Casualty Insurance,"Hamilton, Bermuda",2022-11-01,947484.0,1995,US,Arch Capital Group Ltd.
ADM,Archer Daniels Midland,Consumer Staples,Agricultural Products & Services,"Chicago, Illinois",1957-03-04,7084.0,1902,US,Archer-Daniels-Midland Company
ANET,Arista Networks,Information Technology,Communications Equipment,"Santa Clara, California",2018-08-28,1596532.0,2004,US,Arista Networks Inc
AJG,Arthur J. Gallagher & Co.,Financials,Insurance Brokers,"Rolling Meadows, Illinois",2016-05-31,354190.0,1927,US,Arthur J. Gallagher & Co.
AIZ,Assurant,Financials,Multi-line Insurance,"Atlanta, Georgia",2007-04-10,1267238.0,1892,US,"Assurant, Inc."
T,AT&T,Communication Services,Integrated Telecommunication Services,"Dallas, Texas",1983-11-30,732717.0,1983 (1885),US,AT&T Inc.
ATO,Atmos Energy,Utilities,Gas Utilities,"Dallas, Texas",2019-02-15,731802.0,1906,US,Atmos Energy Corporation
ADSK,Autodesk,Information Technology,Application Software,"San Francisco, California",1989-12-01,769397.0,1982,US,"Autodesk, Inc."
ADP,Automatic Data Processing,Industrials,Human Resource & Employment Services,"Roseland, New Jersey",1981-03-31,8670.0,1949,US,"Automatic Data Processing, Inc."
AZO,AutoZone,Consumer Discretionary,Automotive Retail,"Memphis, Tennessee",1997-01-02,866787.0,1979,US,"AutoZone, Inc."
AVB,AvalonBay Communities,Real Estate,Multi-Family Residential REITs,"Arlington, Virginia",2007-01-10,915912.0,1978,US,"AvalonBay Communities, Inc."
AVY,Avery Dennison,Materials,Paper & Plastic Packaging Products & Materials,"Mentor, Ohio",1987-12-31,8818.0,1935,US,Avery Dennison Corporation
AXON,Axon Enterprise,Industrials,Aerospace & Defense,"Scottsdale, Arizona",2023-05-04,1069183.0,1993,US,"Axon Enterprise, Inc."
BKR,Baker Hughes,Energy,Oil & Gas Equipment & Services,"Houston, Texas",2017-07-07,1701605.0,2017,US,Baker Hughes Company
BALL,Ball Corporation,Materials,"Metal, Glass & Plastic Containers","Broomfield, Colorado",1984-10-31,9389.0,1880,US,Ball Corporation
BAC,Bank of America,Financials,Diversified Banks,"Charlotte, North Carolina",1976-06-30,70858.0,1998 (1923 / 1874),US,Bank of America Corporation
BAX,Baxter International,Health Care,Health Care Equipment,"Deerfield, Illinois",1972-09-30,10456.0,1931,US,Baxter International Inc.
BDX,Becton Dickinson,Health Care,Health Care Equipment,"Franklin Lakes, New Jersey",1972-09-30,10795.0,1897,US,"Becton, Dickinson and Company"
BRK.B,Berkshire Hathaway,Financials,Multi-Sector Holdings,"Omaha, Nebraska",2010-02-16,1067983.0,1839,US,
BBY,Best Buy,Consumer Discretionary,Computer & Electronics Retail,"Richfield, Minnesota",1999-06-29,764478.0,1966,US,"Best Buy Co., Inc."
TECH,Bio-Techne,Health Care,Life Sciences Tools & Services,"Minneapolis, Minnesota",2021-08-30,842023.0,1976,US,Bio-Techne Corporation
BIIB,Biogen,Health Care,Biotechnology,"Cambridge, Massachusetts",2003-11-13,875045.0,1978,US,Biogen Inc.
BLK,BlackRock,Financials,Asset Management & Custody Banks,"New York City, New York",2011-04-04,2012383.0,1988,US,"BlackRock, Inc."
BX,Blackstone Inc.,Financials,Asset Management & Custody Banks,"New York City, New York",2023-09-18,1393818.0,1985,US,Blackstone Inc.
BK,BNY Mellon,Financials,Asset Management & Custody Banks,"New York City, New York",1995-03-31,1390777.0,1784,US,The Bank of New York Mellon Corporation
BA,Boeing,Industrials,Aerospace & Defense,"Arlington, Virginia",1957-03-04,12927.0,1916,US,The Boeing Company
BKNG,Booking Holdings,Consumer Discretionary,"Hotels, Resorts & Cruise Lines","Norwalk, Connecticut",2009-11-06,1075531.0,1996,US,Booking Holdings Inc.
BSX,Boston Scientific,Health Care,Health Care Equipment,"Marlborough, Massachusetts",1995-02-24,885725.0,1979,US,Boston Scientific Corporation
BMY,Bristol Myers Squibb,Health Care,Pharmaceuticals,"New York City, New York",1957-03-04,14272.0,1989 (1887),US,Bristol-Myers Squibb Company
AVGO,Broadcom,Information Technology,Semiconductors,"Palo Alto, California",2014-05-08,1730168.0,1961,US,Broadcom Inc.
BR,Broadridge Financial Solutions,Industrials,Data Processing & Outsourced Services,"Lake Success, New York",2018-06-18,1383312.0,1962,US,"Broadridge Financial Solutions, Inc."
BRO,Brown & Brown,Financials,Insurance Brokers,"Daytona Beach, Florida",2021-09-20,79282.0,1939,US,"Brown & Brown, Inc."
BF.B,Brown–Forman,Consumer Staples,Distillers & Vintners,"Louisville, Kentucky",1982-10-31,14693.0,1870,US,
BLDR,Builders FirstSource,Industrials,Building Products,"Irving, Texas",2023-12-18,1316835.0,1998,US,"Builders FirstSource, Inc."
BG,Bunge Global,Consumer Staples,Agricultural Products & Services,"Chesterfield, Missouri",2023-03-15,1996862.0,1818,US,Bunge Global SA
BXP,"BXP, Inc.",Real Estate,Office REITs,"Boston, Massachusetts",2006-04-03,1037540.0,1970,US,"BXP, Inc."
CHRW,C.H. Robinson,Industrials,Air Freight & Logistics,"Eden Prairie, Minnesota",2007-03-02,1043277.0,1905,US,"C.H. Robinson Worldwide, Inc."
CDNS,Cadence Design Systems,Information Technology,Application Software,"San Jose, California",2017-09-18,813672.0,1988,US,"Cadence Design Systems, Inc."
CZR,Caesars Entertainment,Consumer Discretionary,Casinos & Gaming,"Reno, Nevada",2021-03-22,1590895.0,1973,US,"Caesars Entertainment, Inc."
CPT,Camden Property Trust,Real Estate,Multi-Family Residential REITs,"Houston, Texas",2022-04-04,906345.0,1981,US,Camden Property Trust
CPB,Campbell's Company (The),Consumer Staples,Packaged Foods & Meats,"Camden, New Jersey",1957-03-04,16732.0,1869,US,The Campbell's Company
COF,Capital One,Financials,Consumer Finance,"Tysons Corner, Virginia",1998-07-01,927628.0,1994,US,Capital One Financial Corporation
CAH,Cardinal Health,Health Care,Health Care Distributors,"Dublin, Ohio",1997-05-27,721371.0,1971,US,"Cardinal Health, Inc."
KMX,CarMax,Consumer Discretionary,Automotive Retail,"Richmond, Virginia",2010-06-28,1170010.0,1993,US,"CarMax, Inc."
CCL,Carnival,Consumer Discretionary,"Hotels, Resorts & Cruise Lines","Miami, Florida",1998-12-22,815097.0,1972,US,Carnival Corporation & plc
CARR,Carrier Global,Industrials,Building Products,"Palm Beach Gardens, Florida",2020-04-03,1783180.0,"2020 (1915, United Technologies spinoff)",US,Carrier Global Corporation
CAT,Caterpillar Inc.,Industrials,Construction Machinery & Heavy Transportation Equipment,"Irving, Texas",1957-03-04,18230.0,1925,US,Caterpillar Inc.
CBOE,Cboe Global Markets,Financials,Financial Exchanges & Data,"Chicago, Illinois",2017-03-01,1374310.0,1973,US,"Cboe Global Markets, Inc."
CBRE,CBRE Group,Real Estate,Real Estate Services,"Dallas, Texas",2006-11-10,1138118.0,1906,US,"CBRE Group, Inc."
CDW,CDW Corporation,Information Technology,Technology Distributors,"Vernon Hills, Illinois",2019-09-23,1402057.0,1984,US,CDW Corporation
COR,Cencora,Health Care,Health Care Distributors,"Conshohocken, Pennsylvania",2001-08-30,1140859.0,1985,US,"Cencora, Inc."
CNC,Centene Corporation,Health Care,Managed Health Care,"St. Louis, Missouri",2016-03-30,1071739.0,1984,US,Centene Corporation
CNP,CenterPoint Energy,Utilities,Multi-Utilities,"Houston, Texas",1985-07-31,1130310.0,1882,US,"CenterPoint Energy, Inc."
CF,CF Industries,Materials,Fertilizers & Agricultural Chemicals,"Deerfield, Illinois",2008-08-27,1324404.0,1946,US,"CF Industries Holdings, Inc."
CRL,Charles River Laboratories,Health Care,Life Sciences Tools & Services,"Wilmington, Massachusetts",2021-05-14,1100682.0,1947,US,"Charles River Laboratories International, Inc."
SCHW,Charles Schwab Corporation,Financials,Investment Banking & Brokerage,"Westlake, Texas",1997-06-02,316709.0,1971,US,The Charles Schwab Corporation
CHTR,Charter Communications,Communication Services,Cable & Satellite,"Stamford, Connecticut",2016-09-08,1091667.0,1993,US,"Charter Communications, Inc."
CVX,Chevron Corporation,Energy,Integrated Oil & Gas,"San Ramon, California",1957-03-04,93410.0,1879,US,Chevron Corporation
CMG,Chipotle Mexican Grill,Consumer Discretionary,Restaurants,"Newport Beach, California",2011-04-28,1058090.0,1993,US,"Chipotle Mexican Grill, Inc."
CB,Chubb Limited,Financials,Property & Casualty Insurance,"Zurich, Switzerland",2010-07-15,896159.0,1985,US,Chubb Limited
CHD,Church & Dwight,Consumer Staples,Household Products,"Ewing, New Jersey",2015-12-29,313927.0,1847,US,"Church & Dwight Co., Inc."
CI,Cigna,Health Care,Health Care Services,"Bloomfield, Connecticut",1976-06-30,1739940.0,1982,US,The Cigna Group
CINF,Cincinnati Financial,Financials,Property & Casualty Insurance,"Fairfield, Ohio",1997-12-18,20286.0,1950,US,Cincinnati Financial Corporation
CTAS,Cintas,Industrials,Diversified Support Services,"Mason, Ohio",2001-03-01,723254.0,1929,US,Cintas Corporation
CSCO,Cisco,Information Technology,Communications Equipment,"San Jose, California",1993-12-01,858877.0,1984,US,"Cisco Systems, Inc."
C,Citigroup,Financials,Diversified Banks,"New York City, New York",1988-05-31,831001.0,1998,US,Citigroup Inc.
CFG,Citizens Financial Group,Financials,Regional Banks,"Providence, Rhode Island",2016-01-29,759944.0,1828,US,"Citizens Financial Group, Inc."
CLX,Clorox,Consumer Staples,Household Products,"Oakland, California",1969-03-31,21076.0,1913,US,The Clorox Company
CME,CME Group,Financials,Financial Exchanges & Data,"Chicago, Illinois",2006-08-11,1156375.0,1848,US,CME Group Inc.
CMS,CMS Energy,Utilities,Multi-Utilities,"Jackson, Michigan",1957-03-04,811156.0,1886,US,CMS Energy Corporation
KO,Coca-Cola Company (The),Consumer Staples,Soft Drinks & Non-alcoholic Beverages,"Atlanta, Georgia",1957-03-04,21344.0,1886,US,The Coca-Cola Company
CTSH,Cognizant,Information Technology,IT Consulting & Other Services,"Teaneck, New Jersey",2006-11-17,1058290.0,1994,US,Cognizant Technology Solutions Corporation
CL,Colgate-Palmolive,Consumer Staples,Household Products,"New York City, New York",1957-03-04,21665.0,1806,US,Colgate-Palmolive Company
CMCSA,Comcast,Communication Services,Cable & Satellite,"Philadelphia, Pennsylvania",2002-11-19,1166691.0,1963,US,Comcast Corporation
CAG,Conagra Brands,Consumer Staples,Packaged Foods & Meats,"Chicago, Illinois",1983-08-31,23217.0,1919,US,"Conagra Brands, Inc."
COP,ConocoPhillips,Energy,Oil & Gas Exploration & Production,"Houston, Texas",1957-03-04,1163165.0,2002,US,ConocoPhillips
ED,Consolidated Edison,Utilities,Multi-Utilities,"New York City, New York",1957-03-04,1047862.0,1823,US,"Consolidated Edison, Inc."
STZ,Constellation Brands,Consumer Staples,Distillers & Vintners,"Rochester, New York",2005-07-01,16918.0,1945,US,"Constellation Brands, Inc."
CEG,Constellation Energy,Utilities,Electric Utilities,"Baltimore, Maryland",2022-02-02,1868275.0,1999,US,Constellation Energy Corporation
COO,Cooper Companies (The),Health Care,Health Care Supplies,"San Ramon, California",2016-09-23,711404.0,1958,US,"The Cooper Companies, Inc."
CPRT,Copart,Industrials,Diversified Support Services,"Dallas, Texas",2018-07-02,900075.0,1982,US,"Copart, Inc."
GLW,Corning Inc.,Information Technology,Electronic Components,"Corning, New York",1995-02-27,24741.0,1851,US,Corning Incorporated
CPAY,Corpay,Financials,Transaction & Payment Processing Services,"Atlanta, Georgia",2018-06-20,1175454.0,2000,US,"Corpay, Inc."
CTVA,Corteva,Materials,Fertilizers & Agricultural Chemicals,"Indianapolis, Indiana",2019-06-03,1755672.0,2019,US,"Corteva, Inc."
CSGP,CoStar Group,Real Estate,Real Estate Services,"Washington, D.C.",2022-09-19,1057352.0,1987,US,"CoStar Group, Inc."
COST,Costco,Consumer Staples,Consumer Staples Merchandise Retail,"Issaquah, Washington",1993-10-01,909832.0,1976,US,Costco Wholesale Corporation
CTRA,Coterra,Energy,Oil & Gas Exploration & Production,"Houston, Texas",2008-06-23,858470.0,2021 (1989),US,Coterra Energy Inc.
CRWD,CrowdStrike,Information Technology,Systems Software,"Austin, Texas",2024-06-24,1535527.0,2011,US,"CrowdStrike Holdings, Inc."
CCI,Crown Castle,Real Estate,Telecom Tower REITs,"Houston, Texas",2012-03-14,1051470.0,1994,US,Crown Castle Inc.
CSX,CSX Corporation,Industrials,Rail Transportation,"Jacksonville, Florida",1957-03-04,277948.0,1980,US,CSX Corporation
CMI,Cummins,Industrials,Construction Machinery & Heavy Transportation Equipment,"Columbus, Indiana",1965-03-31,26172.0,1919,US,Cummins Inc.
CVS,CVS Health,Health Care,Health Care Services,"Woonsocket, Rhode Island",1957-03-04,64803.0,1996,US,CVS Health Corporation
DHR,Danaher Corporation,Health Care,Life Sciences Tools & Services,"Washington, D.C.",1998-11-18,313616.0,1969,US,Danaher Corporation
DRI,Darden Restaurants,Consumer Discretionary,Restaurants,"Orlando, Florida",1995-05-31,940944.0,1938,US,"Darden Restaurants, Inc."
DVA,DaVita,Health Care,Health Care Services,"Denver, Colorado",2008-07-31,927066.0,1979,US,DaVita Inc.
DAY,Dayforce,Industrials,Human Resource & Employment Services,"Minneapolis, Minnesota",2021-09-20,1725057.0,1992,US,Dayforce Inc
DECK,Deckers Brands,Consumer Discretionary,Footwear,"Goleta, California",2024-03-18,910521.0,1973,US,Deckers Outdoor Corporation
DE,Deere & Company,Industrials,Agricultural & Farm Machinery,"Moline, Illinois",1957-03-04,315189.0,1837,US,Deere & Company
DELL,Dell Technologies,Information Technology,"Technology Hardware, Storage & Peripherals","Round Rock, Texas",2024-09-23,1571996.0,2016,US,Dell Technologies Inc.
DAL,Delta Air Lines,Industrials,Passenger Airlines,"Atlanta, Georgia",2013-09-11,27904.0,1929,US,"Delta Air Lines, Inc."
DVN,Devon Energy,Energy,Oil & Gas Exploration & Production,"Oklahoma City, Oklahoma",2000-08-30,1090012.0,1971,US,Devon Energy Corporation
DXCM,Dexcom,Health Care,Health Care Equipment,"San Diego, California",2020-05-12,1093557.0,1999,US,"DexCom, Inc."
FANG,Diamondback Energy,Energy,Oil & Gas Exploration & Production,"Midland, Texas",2018-12-03,1539838.0,2007,US,"Diamondback Energy, Inc."
DLR,Digital Realty,Real Estate,Data Center REITs,"Austin, Texas",2016-05-18,1297996.0,2004,US,"Digital Realty Trust, Inc."
DFS,Discover Financial,Financials,Consumer Finance,"Riverwoods, Illinois",2007-07-02,1393612.0,1985,US,Discover Financial Services
DG,Dollar General,Consumer Staples,Consumer Staples Merchandise Retail,"Goodlettsville, Tennessee",2012-12-03,29534.0,1939,US,Dollar General Corporation
DLTR,Dollar Tree,Consumer Staples,Consumer Staples Merchandise Retail,"Chesapeake, Virginia",2011-12-19,935703.0,1986,US,"Dollar Tree, Inc."
D,Dominion Energy,Utilities,Multi-Utilities,"Richmond, Virginia",2016-11-30,715957.0,1983,US,"Dominion Energy, Inc."
DPZ,Domino's,Consumer Discretionary,Restaurants,"Ann Arbor, Michigan",2020-05-12,1286681.0,1960,US,"Domino's Pizza, Inc."
DASH,DoorDash,Consumer Discretionary,Specialized Consumer Services,"San Francisco, California",2025-03-24,1792789.0,2012,US,"DoorDash, Inc."
DOV,Dover Corporation,Industrials,Industrial Machinery & Supplies & Components,"Downers Grove, Illinois",1985-10-31,29905.0,1955,US,Dover Corporation
DOW,Dow Inc.,Materials,Commodity Chemicals,"Midland, Michigan",2019-04-01,1751788.0,2019 (1897),US,Dow Inc.
DHI,D. R. Horton,Consumer Discretionary,Homebuilding,"Arlington, Texas",2005-06-22,882184.0,1978,US,"D.R. Horton, Inc."
DTE,DTE Energy,Utilities,Multi-Utilities,"Detroit, Michigan",1957-03-04,936340.0,1995,US,DTE Energy Company
DUK,Duke Energy,Utilities,Electric Utilities,"Charlotte, North Carolina",1976-06-30,1326160.0,1904,US,Duke Energy Corporation
DD,DuPont,Materials,Specialty Chemicals,"Wilmington, Delaware",2019-06-03,1666700.0,2017 (1802),US,"DuPont de Nemours, Inc."
EMN,Eastman Chemical Company,Materials,Specialty Chemicals,"Kingsport, Tennessee",1994-01-01,915389.0,1920,US,Eastman Chemical Company
ETN,Eaton Corporation,Industrials,Electrical Components & Equipment,"Dublin, Ireland",1957-03-04,1551182.0,1911,US,Eaton Corporation plc
EBAY,eBay Inc.,Consumer Discretionary,Broadline Retail,"San Jose, California",2002-07-22,1065088.0,1995,US,eBay Inc.
ECL,Ecolab,Materials,Specialty Chemicals,"Saint Paul, Minnesota",1989-01-31,31462.0,1923,US,Ecolab Inc.
EIX,Edison International,Utilities,Electric Utilities,"Rosemead, California",1957-03-04,827052.0,1886,US,Edison International
EW,Edwards Lifesciences,Health Care,Health Care Equipment,"Irvine, California",2011-04-01,1099800.0,1958,US,Edwards Lifesciences Corporation
EA,Electronic Arts,Communication Services,Interactive Home Entertainment,"Redwood City, California",2002-07-22,712515.0,1982,US,Electronic Arts Inc.
ELV,Elevance Health,Health Care,Managed Health Care,"Indianapolis, Indiana",2002-07-25,1156039.0,2014 (1946),US,"Elevance Health, Inc."
EMR,Emerson Electric,Industrials,Electrical Components & Equipment,"Ferguson, Missouri",1965-03-31,32604.0,1890,US,Emerson Electric Co.
ENPH,Enphase Energy,Information Technology,Semiconductor Materials & Equipment,"Fremont, California",2021-01-07,1463101.0,2006,US,"Enphase Energy, Inc."
ETR,Entergy,Utilities,Electric Utilities,"New Orleans, Louisiana",1957-03-04,65984.0,1913,US,Entergy Corporation
EOG,EOG Resources,Energy,Oil & Gas Exploration & Production,"Houston, Texas",2000-11-02,821189.0,1999,US,"EOG Resources, Inc."
EPAM,EPAM Systems,Information Technology,IT Consulting & Other Services,"Newtown, Pennsylvania",2021-12-14,1352010.0,1993,US,"EPAM Systems, Inc."
EQT,EQT Corporation,Energy,Oil & Gas Exploration & Production,"Pittsburgh, Pennsylvania",2022-10-03,33213.0,1888,US,EQT Corporation
EFX,Equifax,Industrials,Research & Consulting Services,"Atlanta, Georgia",1997-06-19,33185.0,1899,US,Equifax Inc.
EQIX,Equinix,Real Estate,Data Center REITs,"Redwood City, California",2015-03-20,1101239.0,1998,US,"Equinix, Inc."
EQR,Equity Residential,Real Estate,Multi-Family Residential REITs,"Chicago, Illinois",2001-12-03,906107.0,1969,US,Equity Residential
ERIE,Erie Indemnity,Financials,Insurance Brokers,"Erie, Pennsylvania",2024-09-23,922621.0,1925,US,Erie Indemnity Company
ESS,Essex Property Trust,Real Estate,Multi-Family Residential REITs,"San Mateo, California",2014-04-02,920522.0,1971,US,"Essex Property Trust, Inc."
EL,Estée Lauder Companies (The),Consumer Staples,Personal Care Products,"New York City, New York",2006-01-05,1001250.0,1946,US,The Estée Lauder Companies Inc.
EG,Everest Group,Financials,Reinsurance,"Hamilton, Bermuda",2017-06-19,1095073.0,1973,US,"Everest Group, Ltd."
EVRG,Evergy,Utilities,Electric Utilities,"Kansas City, Missouri",2018-06-05,1711269.0,1909,US,"Evergy, Inc."
ES,Eversource Energy,Utilities,Electric Utilities,"Hartford, Connecticut",2009-07-24,72741.0,1966,US,Eversource Energy
EXC,Exelon,Utilities,Electric Utilities,"Chicago, Illinois",1957-03-04,1109357.0,2000,US,Exelon Corporation
EXE,Expand Energy,Energy,Oil & Gas Exploration & Production,"Oklahoma City, Oklahoma",2025-03-24,895126.0,1989,US,Expand Energy Corporation
EXPE,Expedia Group,Consumer Discretionary,"Hotels, Resorts & Cruise Lines","Seattle, Washington",2007-10-02,1324424.0,1996,US,"Expedia Group, Inc."
EXPD,Expeditors International,Industrials,Air Freight & Logistics,"Seattle, Washington",2007-10-10,746515.0,1979,US,"Expeditors International of Washington, Inc."
EXR,Extra Space Storage,Real Estate,Self-Storage REITs,"Salt Lake City, Utah",2016-01-19,1289490.0,1977,US,Extra Space Storage Inc.
XOM,ExxonMobil,Energy,Integrated Oil & Gas,"Irving, Texas",1957-03-04,34088.0,1999,US,Exxon Mobil Corporation
FFIV,"F5, Inc.",Information Technology,Communications Equipment,"Seattle, Washington",2010-12-20,1048695.0,1996,US,"F5, Inc."
FDS,FactSet,Financials,Financial Exchanges & Data,"Norwalk, Connecticut",2021-12-20,1013237.0,1978,US,FactSet Research Systems Inc.
FICO,Fair Isaac,Information Technology,Application Software,"Bozeman, Montana",2023-03-20,814547.0,1956,US,Fair Isaac Corporation
FAST,Fastenal,Industrials,Trading Companies & Distributors,"Winona, Minnesota",2008-09-15,815556.0,1967,US,Fastenal Company
FRT,Federal Realty Investment Trust,Real Estate,Retail REITs,"Rockville, Maryland",2016-02-01,34903.0,1962,US,Federal Realty Investment Trust
FDX,FedEx,Industrials,Air Freight & Logistics,"Memphis, Tennessee",1980-12-31,1048911.0,1971,US,FedEx Corporation
FIS,Fidelity National Information Services,Financials,Transaction & Payment Processing Services,"Jacksonville, Florida",2006-11-10,1136893.0,1968,US,"Fidelity National Information Services, Inc."
FITB,Fifth Third Bancorp,Financials,Regional Banks,"Cincinnati, Ohio",1996-03-29,35527.0,1858,US,Fifth Third Bancorp
FSLR,First Solar,Information Technology,Semiconductors,"Tempe, Arizona",2022-12-19,1274494.0,1999,US,"First Solar, Inc."
FE,FirstEnergy,Utilities,Electric Utilities,"Akron, Ohio",1997-11-28,1031296.0,1997,US,FirstEnergy Corp.
FI,Fiserv,Financials,Transaction & Payment Processing Services,"Brookfield, Wisconsin",2001-04-02,798354.0,1984,US,"Fiserv, Inc."
F,Ford Motor Company,Consumer Discretionary,Automobile Manufacturers,"Dearborn, Michigan",1957-03-04,37996.0,1903,US,Ford Motor Company
FTNT,Fortinet,Information Technology,Systems Software,"Sunnyvale, California",2018-10-11,1262039.0,2000,US,"Fortinet, Inc."
FTV,Fortive,Industrials,Industrial Machinery & Supplies & Components,"Everett, Washington",2016-07-01,1659166.0,2016,US,Fortive Corporation
FOXA,Fox Corporation (Class A),Communication Services,Broadcasting,"New York City, New York",2019-03-19,1754301.0,2019,US,Fox Corporation
FOX,Fox Corporation (Class B),Communication Services,Broadcasting,"New York City, New York",2019-03-19,1754301.0,2019,US,Fox Corporation
BEN,Franklin Resources,Financials,Asset Management & Custody Banks,"San Mateo, California",1998-04-30,38777.0,1947,US,"Franklin Resources, Inc."
FCX,Freeport-McMoRan,Materials,Copper,"Phoenix, Arizona",2011-07-01,831259.0,1912,US,Freeport-McMoRan Inc.
GRMN,Garmin,Consumer Discretionary,Consumer Electronics,"Schaffhausen, Switzerland",2012-12-12,1121788.0,1989,US,Garmin Ltd.
IT,Gartner,Information Technology,IT Consulting & Other Services,"Stamford, Connecticut",2017-04-05,749251.0,1979,US,"Gartner, Inc."
GE,GE Aerospace,Industrials,Aerospace & Defense,"Evendale, Ohio",1957-03-04,40545.0,1892,US,GE Aerospace
GEHC,GE HealthCare,Health Care,Health Care Equipment,"Chicago, Illinois",2023-01-04,1932393.0,1994,US,GE HealthCare Technologies Inc.
GEV,GE Vernova,Industrials,Heavy Electrical Equipment,"Cambridge, Massachusetts",2024-04-02,1996810.0,2024,US,GE Vernova Inc.
GEN,Gen Digital,Information Technology,Systems Software,"Tempe, Arizona",2003-03-25,849399.0,1982,US,Gen Digital Inc.
GNRC,Generac,Industrials,Electrical Components & Equipment,"Waukesha, Wisconsin",2021-03-22,1474735.0,1959,US,Generac Holdings Inc.
GD,General Dynamics,Industrials,Aerospace & Defense,"Falls Church, Virginia",1957-03-04,40533.0,1899,US,General Dynamics Corporation
GIS,General Mills,Consumer Staples,Packaged Foods & Meats,"Golden Valley, Minnesota",1957-03-04,40704.0,1856,US,"General Mills, Inc."
GM,General Motors,Consumer Discretionary,Automobile Manufacturers,"Detroit, Michigan",2013-06-06,1467858.0,1908,US,General Motors Company
GPC,Genuine Parts Company,Consumer Discretionary,Distributors,"Atlanta, Georgia",1973-12-31,40987.0,1925,US,Genuine Parts Company
GILD,Gilead Sciences,Health Care,Biotechnology,"Foster City, California",2004-07-01,882095.0,1987,US,"Gilead Sciences, Inc."
GPN,Global Payments,Financials,Transaction & Payment Processing Services,"Atlanta, Georgia",2016-04-25,1123360.0,2000,US,Global Payments Inc.
GL,Globe Life,Financials,Life & Health Insurance,"McKinney, Texas",1989-04-30,320335.0,1900,US,Globe Life Inc.
GDDY,GoDaddy,Information Technology,Internet Services & Infrastructure,"Tempe, Arizona",2024-06-24,1609711.0,1997,US,GoDaddy Inc.
GS,Goldman Sachs,Financials,Investment Banking & Brokerage,"New York City, New York",2002-07-22,886982.0,1869,US,"The Goldman Sachs Group, Inc."
HAL,Halliburton,Energy,Oil & Gas Equipment & Services,"Houston, Texas",1957-03-04,45012.0,1919,US,Halliburton Company
HIG,Hartford (The),Financials,Property & Casualty Insurance,"Hartford, Connecticut",1957-03-04,874766.0,1810,US,"The Hartford Insurance Group, Inc."
HAS,Hasbro,Consumer Discretionary,Leisure Products,"Pawtucket, Rhode Island",1984-09-30,46080.0,1923,US,"Hasbro, Inc."
HCA,HCA Healthcare,Health Care,Health Care Facilities,"Nashville, Tennessee",2015-01-27,860730.0,1968,US,"HCA Healthcare, Inc."
DOC,Healthpeak Properties,Real Estate,Health Care REITs,"Denver, Colorado",2008-03-31,765880.0,1985,US,"Healthpeak Properties, Inc."
HSIC,Henry Schein,Health Care,Health Care Distributors,"Melville, New York",2015-03-17,1000228.0,1932,US,"Henry Schein, Inc."
HSY,Hershey Company (The),Consumer Staples,Packaged Foods & Meats,"Hershey, Pennsylvania",1957-03-04,47111.0,1894,US,The Hershey Company
HES,Hess Corporation,Energy,Integrated Oil & Gas,"New York City, New York",1984-05-31,4447.0,1919,US,Hess Corporation
HPE,Hewlett Packard Enterprise,Information Technology,"Technology Hardware, Storage & Peripherals","Houston, Texas",2015-11-02,1645590.0,2015,US,Hewlett Packard Enterprise Company
HLT,Hilton Worldwide,Consumer Discretionary,"Hotels, Resorts & Cruise Lines","Tysons Corner, Virginia",2017-06-19,1585689.0,1919,US,Hilton Worldwide Holdings Inc.
HOLX,Hologic,Health Care,Health Care Equipment,"Marlborough, Massachusetts",2016-03-30,859737.0,1985,US,"Hologic, Inc."
HD,Home Depot (The),Consumer Discretionary,Home Improvement Retail,"Atlanta, Georgia",1988-03-31,354950.0,1978,US,"The Home Depot, Inc."
HON,Honeywell,Industrials,Industrial Conglomerates,"Charlotte, North Carolina",1957-03-04,773840.0,1906,US,Honeywell International Inc.
HRL,Hormel Foods,Consumer Staples,Packaged Foods & Meats,"Austin, Minnesota",2009-03-04,48465.0,1891,US,Hormel Foods Corporation
HST,Host Hotels & Resorts,Real Estate,Hotel & Resort REITs,"Bethesda, Maryland",2007-03-20,1070750.0,1993,US,"Host Hotels & Resorts, Inc."
HWM,Howmet Aerospace,Industrials,Aerospace & Defense,"Pittsburgh, Pennsylvania",2016-10-21,4281.0,1888,US,Howmet Aerospace Inc.
HPQ,HP Inc.,Information Technology,"Technology Hardware, Storage & Peripherals","Palo Alto, California",1974-12-31,47217.0,1939 (2015),US,HP Inc.
HUBB,Hubbell Incorporated,Industrials,Industrial Machinery & Supplies & Components,"Shelton, Connecticut",2023-10-18,48898.0,1888,US,Hubbell Incorporated
HUM,Humana,Health Care,Managed Health Care,"Louisville, Kentucky",2012-12-10,49071.0,1961,US,Humana Inc.
HBAN,Huntington Bancshares,Financials,Regional Banks,"Columbus, Ohio; Detroit, Michigan",1997-08-28,49196.0,1866,US,Huntington Bancshares Incorporated
HII,Huntington Ingalls Industries,Industrials,Aerospace & Defense,"Newport News, Virginia",2018-01-03,1501585.0,2011,US,"Huntington Ingalls Industries, Inc."
IBM,IBM,Information Technology,IT Consulting & Other Services,"Armonk, New York",1957-03-04,51143.0,1911,US,International Business Machines Corporation
IEX,IDEX Corporation,Industrials,Industrial Machinery & Supplies & Components,"Lake Forest, Illinois",2019-08-09,832101.0,1988,US,IDEX Corporation
IDXX,Idexx Laboratories,Health Care,Health Care Equipment,"Westbrook, Maine",2017-01-05,874716.0,1983,US,"IDEXX Laboratories, Inc."
ITW,Illinois Tool Works,Industrials,Industrial Machinery & Supplies & Components,"Glenview, Illinois",1986-02-28,49826.0,1912,US,Illinois Tool Works Inc.
INCY,Incyte,Health Care,Biotechnology,"Wilmington, Delaware",2017-02-28,879169.0,1991,US,Incyte Corporation
IR,Ingersoll Rand,Industrials,Industrial Machinery & Supplies & Components,"Davidson, North Carolina",2020-03-03,1699150.0,1859,US,Ingersoll Rand Inc.
PODD,Insulet Corporation,Health Care,Health Care Equipment,"Acton, Massachusetts",2023-03-15,1145197.0,2000,US,Insulet Corporation
INTC,Intel,Information Technology,Semiconductors,"Santa Clara, California",1976-12-31,50863.0,1968,US,Intel Corporation
ICE,Intercontinental Exchange,Financials,Financial Exchanges & Data,"Atlanta, Georgia",2007-09-26,1571949.0,2000,US,"Intercontinental Exchange, Inc."
IFF,International Flavors & Fragrances,Materials,Specialty Chemicals,"New York City, New York",1976-03-31,51253.0,1958 (1889),US,International Flavors & Fragrances Inc.
IP,International Paper,Materials,Paper & Plastic Packaging Products & Materials,"Memphis, Tennessee",1957-03-04,51434.0,1898,US,International Paper Company
IPG,Interpublic Group of Companies (The),Communication Services,Advertising,"New York City, New York",1992-10-01,51644.0,1961 (1930),US,"The Interpublic Group of Companies, Inc."
INTU,Intuit,Information Technology,Application Software,"Mountain View, California",2000-12-05,896878.0,1983,US,Intuit Inc.
ISRG,Intuitive Surgical,Health Care,Health Care Equipment,"Sunnyvale, California",2008-06-02,1035267.0,1995,US,"Intuitive Surgical, Inc."
IVZ,Invesco,Financials,Asset Management & Custody Banks,"Atlanta, Georgia",2008-08-21,914208.0,1935,US,Invesco Ltd.
INVH,Invitation Homes,Real Estate,Single-Family Residential REITs,"Dallas, Texas",2022-09-19,1687229.0,2012,US,Invitation Homes Inc.
IQV,IQVIA,Health Care,Life Sciences Tools & Services,"Durham, North Carolina",2017-08-29,1478242.0,1982,US,IQVIA Holdings Inc.
IRM,Iron Mountain,Real Estate,Other Specialized REITs,"Boston, Massachusetts",2009-01-06,1020569.0,1951,US,Iron Mountain Incorporated
JBHT,J.B. Hunt,Industrials,Cargo Ground Transportation,"Lowell, Arkansas",2015-07-01,728535.0,1961,US,"J.B. Hunt Transport Services, Inc."
JBL,Jabil,Information Technology,Electronic Manufacturing Services,"St. Petersburg, Florida",2023-12-18,898293.0,1966,US,Jabil Inc.
JKHY,Jack Henry & Associates,Financials,Transaction & Payment Processing Services,"Monett, Missouri",2018-11-13,779152.0,1976,US,"Jack Henry & Associates, Inc."
J,Jacobs Solutions,Industrials,Construction & Engineering,"Dallas, Texas",2007-10-26,52988.0,1947,US,Jacobs Solutions Inc.
JNJ,Johnson & Johnson,Health Care,Pharmaceuticals,"New Brunswick, New Jersey",1973-06-30,200406.0,1886,US,Johnson & Johnson
JCI,Johnson Controls,Industrials,Building Products,"Cork, Ireland",2010-08-27,833444.0,1885,US,Johnson Controls International plc
JPM,JPMorgan Chase,Financials,Diversified Banks,"New York City, New York",1975-06-30,19617.0,2000 (1799 / 1871),US,JPMorgan Chase & Co.
JNPR,Juniper Networks,Information Technology,Communications Equipment,"Sunnyvale, California",2006-06-02,1043604.0,1996,US,"Juniper Networks, Inc."
K,Kellanova,Consumer Staples,Packaged Foods & Meats,"Chicago, Illinois",1989-09-11,55067.0,1906,US,Kellanova
KVUE,Kenvue,Consumer Staples,Personal Care Products,"Skillman, New Jersey",2023-08-25,1944048.0,2022 (Johnson & Johnson spinoff),US,Kenvue Inc.
KDP,Keurig Dr Pepper,Consumer Staples,Soft Drinks & Non-alcoholic Beverages,"Burlington, Massachusetts",2022-06-21,1418135.0,1981,US,Keurig Dr Pepper Inc.
KEY,KeyCorp,Financials,Regional Banks,"Cleveland, Ohio",1994-03-01,91576.0,1825,US,KeyCorp
KEYS,Keysight Technologies,Information Technology,Electronic Equipment & Instruments,"Santa Rosa, California",2018-11-06,1601046.0,2014 (1939),US,"Keysight Technologies, Inc."
KMB,Kimberly-Clark,Consumer Staples,Household Products,"Irving, Texas",1957-03-04,55785.0,1872,US,Kimberly-Clark Corporation
KIM,Kimco Realty,Real Estate,Retail REITs,"Jericho, New York",2006-04-04,879101.0,1958,US,Kimco Realty Corporation
KMI,Kinder Morgan,Energy,Oil & Gas Storage & Transportation,"Houston, Texas",2012-05-25,1506307.0,1997,US,"Kinder Morgan, Inc."
KKR,KKR & Co.,Financials,Asset Management & Custody Banks,"New York City, New York",2024-06-24,1404912.0,1976,US,KKR & Co. Inc.
KLAC,KLA Corporation,Information Technology,Semiconductor Materials & Equipment,"Milpitas, California",1997-09-30,319201.0,1975/1977 (1997),US,KLA Corporation
KHC,Kraft Heinz,Consumer Staples,Packaged Foods & Meats,"Chicago, Illinois; Pittsburgh, Pennsylvania",2015-07-06,1637459.0,2015 (1869),US,The Kraft Heinz Company
KR,Kroger,Consumer Staples,Food Retail,"Cincinnati, Ohio",1957-03-04,56873.0,1883,US,The Kroger Co.
LHX,L3Harris,Industrials,Aerospace & Defense,"Melbourne, Florida",2008-09-22,202058.0,"2019 (L3 1997, Harris 1895)",US,"L3Harris Technologies, Inc."
LH,Labcorp,Health Care,Health Care Services,"Burlington, North Carolina",2004-11-01,920148.0,1978,US,Labcorp Holdings Inc.
LRCX,Lam Research,Information Technology,Semiconductor Materials & Equipment,"Fremont, California",2012-06-29,707549.0,1980,US,Lam Research Corporation
LW,Lamb Weston,Consumer Staples,Packaged Foods & Meats,"Eagle, Idaho",2018-12-03,1679273.0,2016 (1950),US,"Lamb Weston Holdings, Inc."
LVS,Las Vegas Sands,Consumer Discretionary,Casinos & Gaming,"Las Vegas, Nevada",2019-10-03,1300514.0,1988,US,Las Vegas Sands Corp.
LDOS,Leidos,Industrials,Diversified Support Services,"Reston, Virginia",2019-08-09,1336920.0,1969,US,"Leidos Holdings, Inc."
LEN,Lennar,Consumer Discretionary,Homebuilding,"Miami, Florida",2005-10-04,920760.0,1954,US,Lennar Corporation
LII,Lennox International,Industrials,Building Products,"Richardson, Texas",2024-12-23,1069202.0,1895,US,Lennox International Inc.
LLY,Lilly (Eli),Health Care,Pharmaceuticals,"Indianapolis, Indiana",1970-12-31,59478.0,1876,US,Eli Lilly and Company
LIN,Linde plc,Materials,Industrial Gases,"Guildford, United Kingdom",1992-07-01,1707925.0,1879,US,Linde plc
LYV,Live Nation Entertainment,Communication Services,Movies & Entertainment,"Beverly Hills, California",2019-12-23,1335258.0,2010,US,"Live Nation Entertainment, Inc."
LKQ,LKQ Corporation,Consumer Discretionary,Distributors,"Chicago, Illinois",2016-05-23,1065696.0,1998,US,LKQ Corporation
LMT,Lockheed Martin,Industrials,Aerospace & Defense,"Bethesda, Maryland",1957-03-04,936468.0,1995,US,Lockheed Martin Corporation
L,Loews Corporation,Financials,Multi-line Insurance,"New York City, New York",1995-05-31,60086.0,1959,US,Loews Corporation
LOW,Lowe's,Consumer Discretionary,Home Improvement Retail,"Mooresville, North Carolina",1984-02-29,60667.0,1904/1946/1959,US,"Lowe's Companies, Inc."
LULU,Lululemon Athletica,Consumer Discretionary,"Apparel, Accessories & Luxury Goods","Vancouver, Canada",2023-10-18,1397187.0,1998,US,lululemon athletica inc.
LYB,LyondellBasell,Materials,Specialty Chemicals,"Rotterdam, Netherlands",2012-09-05,1489393.0,2007,US,LyondellBasell Industries N.V.
MTB,M&T Bank,Financials,Regional Banks,"Buffalo, New York",2004-02-23,36270.0,1856,US,M&T Bank Corporation
MPC,Marathon Petroleum,Energy,Oil & Gas Refining & Marketing,"Findlay, Ohio",2011-07-01,1510295.0,2009 (1887),US,Marathon Petroleum Corporation
MKTX,MarketAxess,Financials,Financial Exchanges & Data,"New York City, New York",2019-07-01,1278021.0,2000,US,MarketAxess Holdings Inc.
MAR,Marriott International,Consumer Discretionary,"Hotels, Resorts & Cruise Lines","Bethesda, Maryland",1998-05-29,1048286.0,1927,US,"Marriott International, Inc."
MMC,Marsh McLennan,Financials,Insurance Brokers,"New York City, New York",1987-08-31,62709.0,1905,US,"Marsh & McLennan Companies, Inc."
MLM,Martin Marietta Materials,Materials,Construction Materials,"Raleigh, North Carolina",2014-07-02,916076.0,1993,US,"Martin Marietta Materials, Inc."
MAS,Masco,Industrials,Building Products,"Livonia, Michigan",1981-06-30,62996.0,1929,US,Masco Corporation
MA,Mastercard,Financials,Transaction & Payment Processing Services,"Harrison, New York",2008-07-18,1141391.0,1966,US,Mastercard Incorporated
MTCH,Match Group,Communication Services,Interactive Media & Services,"Dallas, Texas",2021-09-20,891103.0,1986,US,"Match Group, Inc."
MKC,McCormick & Company,Consumer Staples,Packaged Foods & Meats,"Hunt Valley, Maryland",2003-03-20,63754.0,1889,US,"McCormick & Company, Incorporated"
MCD,McDonald's,Consumer Discretionary,Restaurants,"Chicago, Illinois",1970-06-30,63908.0,1940,US,McDonald's Corporation
MCK,McKesson Corporation,Health Care,Health Care Distributors,"Irving, Texas",1999-01-13,927653.0,1833,US,McKesson Corporation
MDT,Medtronic,Health Care,Health Care Equipment,"Dublin, Ireland",1986-10-31,1613103.0,1949,US,Medtronic plc
MRK,Merck & Co.,Health Care,Pharmaceuticals,"Kenilworth, New Jersey",1957-03-04,310158.0,1891,US,"Merck & Co., Inc."
META,Meta Platforms,Communication Services,Interactive Media & Services,"Menlo Park, California",2013-12-23,1326801.0,2004,US,"Meta Platforms, Inc."
MET,MetLife,Financials,Life & Health Insurance,"New York City, New York",2000-12-11,1099219.0,1868,US,"MetLife, Inc."
MTD,Mettler Toledo,Health Care,Life Sciences Tools & Services,"Columbus, Ohio",2016-09-06,1037646.0,1945,US,Mettler-Toledo International Inc.
MGM,MGM Resorts,Consumer Discretionary,Casinos & Gaming,"Paradise, Nevada",2017-07-26,789570.0,1986,US,MGM Resorts International
MCHP,Microchip Technology,Information Technology,Semiconductors,"Chandler, Arizona",2007-09-07,827054.0,1989,US,Microchip Technology Incorporated
MU,Micron Technology,Information Technology,Semiconductors,"Boise, Idaho",1994-09-27,723125.0,1978,US,"Micron Technology, Inc."
MSFT,Microsoft,Information Technology,Systems Software,"Redmond, Washington",1994-06-01,789019.0,1975,US,Microsoft Corporation
MAA,Mid-America Apartment Communities,Real Estate,Multi-Family Residential REITs,"Memphis, Tennessee",2016-12-02,912595.0,1977,US,"Mid-America Apartment Communities, Inc."
MRNA,Moderna,Health Care,Biotechnology,"Cambridge, Massachusetts",2021-07-21,1682852.0,2010,US,"Moderna, Inc."
MHK,Mohawk Industries,Consumer Discretionary,Home Furnishings,"Calhoun, Georgia",2013-12-23,851968.0,1878,US,"Mohawk Industries, Inc."
MOH,Molina Healthcare,Health Care,Managed Health Care,"Long Beach, California",2022-03-02,1179929.0,1980,US,"Molina Healthcare, Inc."
TAP,Molson Coors Beverage Company,Consumer Staples,Brewers,"Chicago, Illinois",1976-06-30,24545.0,"2005 (Molson 1786, Coors 1873)",US,Molson Coors Beverage Company
MDLZ,Mondelez International,Consumer Staples,Packaged Foods & Meats,"Chicago, Illinois",2012-10-02,1103982.0,2012,US,"Mondelez International, Inc."
MPWR,Monolithic Power Systems,Information Technology,Semiconductors,"Kirkland, Washington",2021-02-12,1280452.0,1997,US,"Monolithic Power Systems, Inc."
MNST,Monster Beverage,Consumer Staples,Soft Drinks & Non-alcoholic Beverages,"Corona, California",2012-06-28,865752.0,2012 (1935),US,Monster Beverage Corporation
MCO,Moody's Corporation,Financials,Financial Exchanges & Data,"New York City, New York",1998-07-01,1059556.0,1909,US,Moody's Corporation
MS,Morgan Stanley,Financials,Investment Banking & Brokerage,"New York City, New York",1993-07-29,895421.0,1935,US,Morgan Stanley
MOS,Mosaic Company (The),Materials,Fertilizers & Agricultural Chemicals,"Tampa, Florida",2011-09-26,1285785.0,2004 (1865 / 1909),US,The Mosaic Company
MSI,Motorola Solutions,Information Technology,Communications Equipment,"Chicago, Illinois",1957-03-04,68505.0,1928 (2011),US,"Motorola Solutions, Inc."
MSCI,MSCI Inc.,Financials,Financial Exchanges & Data,"New York City, New York",2018-04-04,1408198.0,1969,US,MSCI Inc.
NDAQ,"Nasdaq, Inc.",Financials,Financial Exchanges & Data,"New York City, New York",2008-10-22,1120193.0,1971,US,"Nasdaq, Inc."
NTAP,NetApp,Information Technology,"Technology Hardware, Storage & Peripherals","San Jose, California",1999-06-25,1002047.0,1992,US,"NetApp, Inc."
NFLX,Netflix,Communication Services,Movies & Entertainment,"Los Gatos, California",2010-12-20,1065280.0,1997,US,"Netflix, Inc."
NEM,Newmont,Materials,Gold,"Denver, Colorado",1969-06-30,1164727.0,1921,US,Newmont Corporation
NWSA,News Corp (Class A),Communication Services,Publishing,"New York City, New York",2013-08-01,1564708.0,2013 (News Corporation 1980),US,News Corporation
NWS,News Corp (Class B),Communication Services,Publishing,"New York City, New York",2015-09-18,1564708.0,2013 (News Corporation 1980),US,News Corporation
NEE,NextEra Energy,Utilities,Multi-Utilities,"Juno Beach, Florida",1976-06-30,753308.0,1984 (1925),US,"NextEra Energy, Inc."
NKE,"Nike, Inc.",Consumer Discretionary,"Apparel, Accessories & Luxury Goods","Washington County, Oregon",1988-11-30,320187.0,1964,US,"NIKE, Inc."
NI,NiSource,Utilities,Multi-Utilities,"Merrillville, Indiana",2000-11-02,1111711.0,1912,US,NiSource Inc.
NDSN,Nordson Corporation,Industrials,Industrial Machinery & Supplies & Components,"Westlake, Ohio",2022-02-15,72331.0,1935,US,Nordson Corporation
NSC,Norfolk Southern,Industrials,Rail Transportation,"Atlanta, Georgia",1957-03-04,702165.0,1881/1894 (1980),US,Norfolk Southern Corporation
NTRS,Northern Trust,Financials,Asset Management & Custody Banks,"Chicago, Illinois",1998-01-30,73124.0,1889,US,Northern Trust Corporation
NOC,Northrop Grumman,Industrials,Aerospace & Defense,"West Falls Church, Virginia",1957-03-04,1133421.0,"1994 (Northrop 1939, Grumman 1930)",US,Northrop Grumman Corporation
NCLH,Norwegian Cruise Line Holdings,Consumer Discretionary,"Hotels, Resorts & Cruise Lines","Miami, Florida",2017-10-13,1513761.0,2011 (1966),US,Norwegian Cruise Line Holdings Ltd.
NRG,NRG Energy,Utilities,Independent Power Producers & Energy Traders,"Houston, Texas",2010-01-29,1013871.0,1992,US,"NRG Energy, Inc."
NUE,Nucor,Materials,Steel,"Charlotte, North Carolina",1985-04-30,73309.0,1940,US,Nucor Corporation
NVDA,Nvidia,Information Technology,Semiconductors,"Santa Clara, California",2001-11-30,1045810.0,1993,US,NVIDIA Corporation
NVR,"NVR, Inc.",Consumer Discretionary,Homebuilding,"Reston, Virginia",2019-09-26,906163.0,1980,US,"NVR, Inc."
NXPI,NXP Semiconductors,Information Technology,Semiconductors,"Eindhoven, Netherlands",2021-03-22,1413447.0,1953,US,NXP Semiconductors N.V.
ORLY,O’Reilly Automotive,Consumer Discretionary,Automotive Retail,"Springfield, Missouri",2009-03-27,898173.0,1957,US,"O'Reilly Automotive, Inc."
OXY,Occidental Petroleum,Energy,Oil & Gas Exploration & Production,"Houston, Texas",1957-03-04,797468.0,1920,US,Occidental Petroleum Corporation
ODFL,Old Dominion,Industrials,Cargo Ground Transportation,"Thomasville, North Carolina",2019-12-09,878927.0,1934,US,"Old Dominion Freight Line, Inc."
OMC,Omnicom Group,Communication Services,Advertising,"New York City, New York",1997-12-31,29989.0,1986,US,Omnicom Group Inc.
ON,ON Semiconductor,Information Technology,Semiconductors,"Phoenix, Arizona",2022-06-21,1097864.0,1999,US,ON Semiconductor Corporation
OKE,Oneok,Energy,Oil & Gas Storage & Transportation,"Tulsa, Oklahoma",2010-03-15,1039684.0,1906,US,"ONEOK, Inc."
ORCL,Oracle Corporation,Information Technology,Application Software,"Austin, Texas",1989-08-31,1341439.0,1977,US,Oracle Corporation
OTIS,Otis Worldwide,Industrials,Industrial Machinery & Supplies & Components,"Farmington, Connecticut",2020-04-03,1781335.0,"2020 (1853, United Technologies spinoff)",US,Otis Worldwide Corporation
PCAR,Paccar,Industrials,Construction Machinery & Heavy Transportation Equipment,"Bellevue, Washington",1980-12-31,75362.0,1905,US,PACCAR Inc
PKG,Packaging Corporation of America,Materials,Paper & Plastic Packaging Products & Materials,"Lake Forest, Illinois",2017-07-26,75677.0,1959,US,Packaging Corporation of America
PLTR,Palantir Technologies,Information Technology,Application Software,"Denver, Colorado",2024-09-23,1321655.0,2003,US,Palantir Technologies Inc.
PANW,Palo Alto Networks,Information Technology,Systems Software,"Santa Clara, California",2023-06-20,1327567.0,2005,US,"Palo Alto Networks, Inc."
PARA,Paramount Global,Communication Services,Movies & Entertainment,"New York City, New York",1994-09-30,813828.0,2019 (Paramount Pictures 1912),US,Paramount Global
PH,Parker Hannifin,Industrials,Industrial Machinery & Supplies & Components,"Cleveland, Ohio",1985-11-30,76334.0,1917,US,Parker-Hannifin Corporation
PAYX,Paychex,Industrials,Human Resource & Employment Services,"Penfield, New York",1998-10-01,723531.0,1971,US,"Paychex, Inc."
PAYC,Paycom,Industrials,Human Resource & Employment Services,"Oklahoma City, Oklahoma",2020-01-28,1590955.0,1998,US,"Paycom Software, Inc."
PYPL,PayPal,Financials,Transaction & Payment Processing Services,"San Jose, California",2015-07-20,1633917.0,1998,US,"PayPal Holdings, Inc."
PNR,Pentair,Industrials,Industrial Machinery & Supplies & Components,"Worsley, United Kingdom",2012-10-01,77360.0,1966,US,Pentair plc
PEP,PepsiCo,Consumer Staples,Soft Drinks & Non-alcoholic Beverages,"Purchase, New York",1957-03-04,77476.0,1898,US,"PepsiCo, Inc."
PFE,Pfizer,Health Care,Pharmaceuticals,"New York City, New York",1957-03-04,78003.0,1849,US,Pfizer Inc.
PCG,PG&E Corporation,Utilities,Multi-Utilities,"Oakland, California",2022-10-03,1004980.0,1905,US,PG&E Corporation
PM,Philip Morris International,Consumer Staples,Tobacco,"New York City, New York",2008-03-31,1413329.0,2008 (1847),US,Philip Morris International Inc.
PSX,Phillips 66,Energy,Oil & Gas Refining & Marketing,"Houston, Texas",2012-05-01,1534701.0,2012 (1917),US,Phillips 66
PNW,Pinnacle West Capital,Utilities,Multi-Utilities,"Phoenix, Arizona",1999-10-04,764622.0,1985,US,Pinnacle West Capital Corporation
PNC,PNC Financial Services,Financials,Diversified Banks,"Pittsburgh, Pennsylvania",1988-04-30,713676.0,1845,US,"The PNC Financial Services Group, Inc."
POOL,Pool Corporation,Consumer Discretionary,Distributors,"Covington, Louisiana",2020-10-07,945841.0,1993,US,Pool Corporation
PPG,PPG Industries,Materials,Specialty Chemicals,"Pittsburgh, Pennsylvania",1957-03-04,79879.0,1883,US,"PPG Industries, Inc."
PPL,PPL Corporation,Utilities,Electric Utilities,"Allentown, Pennsylvania",2001-10-01,922224.0,1920,US,PPL Corporation
PFG,Principal Financial Group,Financials,Life & Health Insurance,"Des Moines, Iowa",2002-07-22,1126328.0,1879,US,"Principal Financial Group, Inc."
PG,Procter & Gamble,Consumer Staples,Personal Care Products,"Cincinnati, Ohio",1957-03-04,80424.0,1837,US,The Procter & Gamble Company
PGR,Progressive Corporation,Financials,Property & Casualty Insurance,"Mayfield Village, Ohio",1997-08-04,80661.0,1937,US,The Progressive Corporation
PLD,Prologis,Real Estate,Industrial REITs,"San Francisco, California",2003-07-17,1045609.0,1983,US,"Prologis, Inc."
PRU,Prudential Financial,Financials,Life & Health Insurance,"Newark, New Jersey",2002-07-22,1137774.0,1875,US,"Prudential Financial, Inc."
PEG,Public Service Enterprise Group,Utilities,Electric Utilities,"Newark, New Jersey",1957-03-04,788784.0,1903,US,Public Service Enterprise Group Incorporated
PTC,PTC Inc.,Information Technology,Application Software,"Boston, Massachusetts",2021-04-20,857005.0,1985,US,PTC Inc.
PSA,Public Storage,Real Estate,Self-Storage REITs,"Glendale, California",2005-08-19,1393311.0,1972,US,Public Storage
PHM,PulteGroup,Consumer Discretionary,Homebuilding,"Atlanta, Georgia",1984-04-30,822416.0,1956,US,"PulteGroup, Inc."
PWR,Quanta Services,Industrials,Construction & Engineering,"Houston, Texas",2009-07-01,1050915.0,1997,US,"Quanta Services, Inc."
QCOM,Qualcomm,Information Technology,Semiconductors,"San Diego, California",1999-07-22,804328.0,1985,US,QUALCOMM Incorporated
DGX,Quest Diagnostics,Health Care,Health Care Services,"Secaucus, New Jersey",2002-12-12,1022079.0,1967,US,Quest Diagnostics Incorporated
RL,Ralph Lauren Corporation,Consumer Discretionary,"Apparel, Accessories & Luxury Goods","New York City, New York",2007-02-02,1037038.0,1967,US,Ralph Lauren Corporation
RJF,Raymond James Financial,Financials,Investment Banking & Brokerage,"St. Petersburg, Florida",2017-03-20,720005.0,1962,US,"Raymond James Financial, Inc."
RTX,RTX Corporation,Industrials,Aerospace & Defense,"Waltham, Massachusetts",1957-03-04,101829.0,1922,US,RTX Corporation
O,Realty Income,Real Estate,Retail REITs,"San Diego, California",2015-04-07,726728.0,1969,US,Realty Income Corporation
REG,Regency Centers,Real Estate,Retail REITs,"Jacksonville, Florida",2017-03-02,910606.0,1963,US,Regency Centers Corporation
REGN,Regeneron Pharmaceuticals,Health Care,Biotechnology,"Tarrytown, New York",2013-05-01,872589.0,1988,US,"Regeneron Pharmaceuticals, Inc."
RF,Regions Financial Corporation,Financials,Regional Banks,"Birmingham, Alabama",1998-08-28,1281761.0,1971,US,Regions Financial Corporation
RSG,Republic Services,Industrials,Environmental & Facilities Services,"Phoenix, Arizona",2008-12-05,1060391.0,1998 (1981),US,"Republic Services, Inc."
RMD,ResMed,Health Care,Health Care Equipment,"San Diego, California",2017-07-26,943819.0,1989,US,ResMed Inc.
RVTY,Revvity,Health Care,Health Care Equipment,"Waltham, Massachusetts",1985-05-31,31791.0,1937,US,"Revvity, Inc."
ROK,Rockwell Automation,Industrials,Electrical Components & Equipment,"Milwaukee, Wisconsin",2000-03-12,1024478.0,1903,US,"Rockwell Automation, Inc."
ROL,"Rollins, Inc.",Industrials,Environmental & Facilities Services,"Atlanta, Georgia",2018-10-01,84839.0,1948,US,"Rollins, Inc."
ROP,Roper Technologies,Information Technology,Electronic Equipment & Instruments,"Sarasota, Florida",2009-12-23,882835.0,1981,US,"Roper Technologies, Inc."
ROST,Ross Stores,Consumer Discretionary,Apparel Retail,"Dublin, California",2009-12-21,745732.0,1982,US,"Ross Stores, Inc."
RCL,Royal Caribbean Group,Consumer Discretionary,"Hotels, Resorts & Cruise Lines","Miami, Florida",2014-12-05,884887.0,1997,US,Royal Caribbean Cruises Ltd.
SPGI,S&P Global,Financials,Financial Exchanges & Data,"New York City, New York",1957-03-04,64040.0,1917,US,S&P Global Inc.
CRM,Salesforce,Information Technology,Application Software,"San Francisco, California",2008-09-15,1108524.0,1999,US,"Salesforce, Inc."
SBAC,SBA Communications,Real Estate,Telecom Tower REITs,"Boca Raton, Florida",2017-09-01,1034054.0,1989,US,SBA Communications Corporation
SLB,Schlumberger,Energy,Oil & Gas Equipment & Services,"Houston, Texas",1957-03-04,87347.0,1926,US,Schlumberger Limited
STX,Seagate Technology,Information Technology,"Technology Hardware, Storage & Peripherals","Dublin, Ireland",2012-07-02,1137789.0,1979,US,Seagate Technology Holdings plc
SRE,Sempra,Utilities,Multi-Utilities,"San Diego, California",2017-03-17,1032208.0,1998,US,Sempra
NOW,ServiceNow,Information Technology,Systems Software,"Santa Clara, California",2019-11-21,1373715.0,2003,US,"ServiceNow, Inc."
SHW,Sherwin-Williams,Materials,Specialty Chemicals,"Cleveland, Ohio",1964-06-30,89800.0,1866,US,The Sherwin-Williams Company
SPG,Simon Property Group,Real Estate,Retail REITs,"Indianapolis, Indiana",2002-06-26,1063761.0,2003,US,"Simon Property Group, Inc."
SWKS,Skyworks Solutions,Information Technology,Semiconductors,"Irvine, California",2015-03-12,4127.0,2002,US,"Skyworks Solutions, Inc."
SJM,J.M. Smucker Company (The),Consumer Staples,Packaged Foods & Meats,"Orrville, Ohio",2008-11-06,91419.0,1897,US,The J. M. Smucker Company
SW,Smurfit Westrock,Materials,Paper & Plastic Packaging Products & Materials,"Dublin, Ireland",2024-07-08,2005951.0,1934,US,Smurfit Westrock Plc
SNA,Snap-on,Industrials,Industrial Machinery & Supplies & Components,"Kenosha, Wisconsin",1982-09-30,91440.0,1920,US,Snap-on Incorporated
SOLV,Solventum,Health Care,Health Care Technology,"Saint Paul, Minnesota",2024-04-01,1964738.0,2023,US,Solventum Corporation
SO,Southern Company,Utilities,Electric Utilities,"Atlanta, Georgia",1957-03-04,92122.0,1945,US,The Southern Company
LUV,Southwest Airlines,Industrials,Passenger Airlines,"Dallas, Texas",1994-07-01,92380.0,1967,US,Southwest Airlines Co.
SWK,Stanley Black & Decker,Industrials,Industrial Machinery & Supplies & Components,"New Britain, Connecticut",1982-09-30,93556.0,1843,US,"Stanley Black & Decker, Inc."
SBUX,Starbucks,Consumer Discretionary,Restaurants,"Seattle, Washington",2000-06-07,829224.0,1971,US,Starbucks Corporation
STT,State Street Corporation,Financials,Asset Management & Custody Banks,"Boston, Massachusetts",2003-03-14,93751.0,1792,US,State Street Corporation
STLD,Steel Dynamics,Materials,Steel,"Fort Wayne, Indiana",2022-12-22,1022671.0,1993,US,"Steel Dynamics, Inc."
STE,Steris,Health Care,Health Care Equipment,"Dublin, Ireland",2019-12-23,1757898.0,1985,US,STERIS plc
SYK,Stryker Corporation,Health Care,Health Care Equipment,"Kalamazoo, Michigan",2000-12-12,310764.0,1941,US,Stryker Corporation
SMCI,Supermicro,Information Technology,"Technology Hardware, Storage & Peripherals","San Jose, California",2024-03-18,1375365.0,1993,US,"Super Micro Computer, Inc."
SYF,Synchrony Financial,Financials,Consumer Finance,"Stamford, Connecticut",2015-11-18,1601712.0,2003,US,Synchrony Financial
SNPS,Synopsys,Information Technology,Application Software,"Sunnyvale, California",2017-03-16,883241.0,1986,US,"Synopsys, Inc."
SYY,Sysco,Consumer Staples,Food Distributors,"Houston, Texas",1986-12-31,96021.0,1969,US,Sysco Corporation
TMUS,T-Mobile US,Communication Services,Wireless Telecommunication Services,"Bellevue, Washington",2019-07-15,1283699.0,1994,US,"T-Mobile US, Inc."
TROW,T. Rowe Price,Financials,Asset Management & Custody Banks,"Baltimore, Maryland",2019-07-29,1113169.0,1937,US,"T. Rowe Price Group, Inc."
TTWO,Take-Two Interactive,Communication Services,Interactive Home Entertainment,"New York City, New York",2018-03-19,946581.0,1993,US,"Take-Two Interactive Software, Inc."
TPR,"Tapestry, Inc.",Consumer Discretionary,"Apparel, Accessories & Luxury Goods","New York City, New York",2004-09-01,1116132.0,2017,US,"Tapestry, Inc."
TRGP,Targa Resources,Energy,Oil & Gas Storage & Transportation,"Houston, Texas",2022-10-12,1389170.0,2005,US,Targa Resources Corp.
TGT,Target Corporation,Consumer Staples,Consumer Staples Merchandise Retail,"Minneapolis, Minnesota",1976-12-31,27419.0,1902,US,Target Corporation
TEL,TE Connectivity,Information Technology,Electronic Manufacturing Services,"Galway, Ireland",2011-10-17,1385157.0,2007,US,TE Connectivity plc
TDY,Teledyne Technologies,Information Technology,Electronic Equipment & Instruments,"Thousand Oaks, California",2020-06-22,1094285.0,1960,US,Teledyne Technologies Incorporated
TER,Teradyne,Information Technology,Semiconductor Materials & Equipment,"North Reading, Massachusetts",2020-09-21,97210.0,1960,US,"Teradyne, Inc."
TSLA,"Tesla, Inc.",Consumer Discretionary,Automobile Manufacturers,"Austin, Texas",2020-12-21,1318605.0,2003,US,"Tesla, Inc."
TXN,Texas Instruments,Information Technology,Semiconductors,"Dallas, Texas",2001-03-12,97476.0,1930,US,Texas Instruments Incorporated
TPL,Texas Pacific Land Corporation,Energy,Oil & Gas Exploration & Production,"Dallas, Texas",2024-11-26,1811074.0,1888,US,Texas Pacific Land Corporation
TXT,Textron,Industrials,Aerospace & Defense,"Providence, Rhode Island",1978-12-31,217346.0,1923,US,Textron Inc.
TMO,Thermo Fisher Scientific,Health Care,Life Sciences Tools & Services,"Waltham, Massachusetts",2004-08-03,97745.0,2006 (1902),US,Thermo Fisher Scientific Inc.
TJX,TJX Companies,Consumer Discretionary,Apparel Retail,"Framingham, Massachusetts",1985-09-30,109198.0,1987,US,"The TJX Companies, Inc."
TKO,TKO Group Holdings,Communication Services,Movies & Entertainment,"New York City, New York",2025-03-24,1973266.0,2023,US,"TKO Group Holdings, Inc."
TSCO,Tractor Supply,Consumer Discretionary,Other Specialty Retail,"Brentwood, Tennessee",2014-01-24,916365.0,1938,US,Tractor Supply Company
TT,Trane Technologies,Industrials,Building Products,"Dublin, Ireland",2010-11-17,1466258.0,1871,US,Trane Technologies plc
TDG,TransDigm Group,Industrials,Aerospace & Defense,"Cleveland, Ohio",2016-06-03,1260221.0,1993,US,TransDigm Group Incorporated
TRV,Travelers Companies (The),Financials,Property & Casualty Insurance,"New York City, New York",2002-08-21,86312.0,1853,US,"The Travelers Companies, Inc."
TRMB,Trimble Inc.,Information Technology,Electronic Equipment & Instruments,"Westminster, Colorado",2021-01-21,864749.0,1978,US,Trimble Inc.
TFC,Truist Financial,Financials,Diversified Banks,"Charlotte, North Carolina",1997-12-04,92230.0,1872,US,Truist Financial Corporation
TYL,Tyler Technologies,Information Technology,Application Software,"Plano, Texas",2020-06-22,860731.0,1966,US,"Tyler Technologies, Inc."
TSN,Tyson Foods,Consumer Staples,Packaged Foods & Meats,"Springdale, Arkansas",2005-08-10,100493.0,1935,US,"Tyson Foods, Inc."
USB,U.S. Bancorp,Financials,Diversified Banks,"Minneapolis, Minnesota",1999-11-01,36104.0,1968,US,U.S. Bancorp
UBER,Uber,Industrials,Passenger Ground Transportation,"San Francisco, California",2023-12-18,1543151.0,2009,US,"Uber Technologies, Inc."
UDR,"UDR, Inc.",Real Estate,Multi-Family Residential REITs,"Highlands Ranch, Colorado",2016-03-07,74208.0,1972,US,"UDR, Inc."
ULTA,Ulta Beauty,Consumer Discretionary,Other Specialty Retail,"Bolingbrook, Illinois",2016-04-18,1403568.0,1990,US,"Ulta Beauty, Inc."
UNP,Union Pacific Corporation,Industrials,Rail Transportation,"Omaha, Nebraska",1957-03-04,100885.0,1862,US,Union Pacific Corporation
UAL,United Airlines Holdings,Industrials,Passenger Airlines,"Chicago, Illinois",2015-09-03,100517.0,1967,US,"United Airlines Holdings, Inc."
UPS,United Parcel Service,Industrials,Air Freight & Logistics,"Sandy Springs, Georgia",2002-07-22,1090727.0,1907,US,"United Parcel Service, Inc."
URI,United Rentals,Industrials,Trading Companies & Distributors,"Stamford, Connecticut",2014-09-20,1067701.0,1997,US,"United Rentals, Inc."
UNH,UnitedHealth Group,Health Care,Managed Health Care,"Minnetonka, Minnesota",1994-07-01,731766.0,1977,US,UnitedHealth Group Incorporated
UHS,Universal Health Services,Health Care,Health Care Facilities,"King of Prussia, Pennsylvania",2014-09-20,352915.0,1979,US,"Universal Health Services, Inc."
VLO,Valero Energy,Energy,Oil & Gas Refining & Marketing,"San Antonio, Texas",2002-12-20,1035002.0,1980,US,Valero Energy Corporation
VTR,Ventas,Real Estate,Health Care REITs,"Chicago, Illinois",2009-03-04,740260.0,1998,US,"Ventas, Inc."
VLTO,Veralto,Industrials,Environmental & Facilities Services,"Waltham, Massachusetts",2023-10-02,1967680.0,2023,US,Veralto Corporation
VRSN,Verisign,Information Technology,Internet Services & Infrastructure,"Dulles, Virginia",2006-02-01,1014473.0,1995,US,"VeriSign, Inc."
VRSK,Verisk Analytics,Industrials,Research & Consulting Services,"Jersey City, New Jersey",2015-10-08,1442145.0,1971,US,"Verisk Analytics, Inc."
VZ,Verizon,Communication Services,Integrated Telecommunication Services,"New York City, New York",1983-11-30,732712.0,1983 (1877),US,Verizon Communications Inc.
VRTX,Vertex Pharmaceuticals,Health Care,Biotechnology,"Boston, Massachusetts",2013-09-23,875320.0,1989,US,Vertex Pharmaceuticals Incorporated
VTRS,Viatris,Health Care,Pharmaceuticals,"Pittsburgh, Pennsylvania",2004-04-23,1792044.0,1961,US,Viatris Inc.
VICI,Vici Properties,Real Estate,Hotel & Resort REITs,"New York City, New York",2022-06-08,1705696.0,2017,US,VICI Properties Inc.
V,Visa Inc.,Financials,Transaction & Payment Processing Services,"San Francisco, California",2009-12-21,1403161.0,1958,US,Visa Inc.
VST,Vistra Corp.,Utilities,Electric Utilities,"Irving, Texas",2024-05-08,1692819.0,2016,US,Vistra Corp.
VMC,Vulcan Materials Company,Materials,Construction Materials,"Birmingham, Alabama",1999-06-30,1396009.0,1909,US,Vulcan Materials Company
WRB,W. R. Berkley Corporation,Financials,Property & Casualty Insurance,"Greenwich, Connecticut",2019-12-05,11544.0,1967,US,W. R. Berkley Corporation
GWW,W. W. Grainger,Industrials,Industrial Machinery & Supplies & Components,"Lake Forest, Illinois",1981-06-30,277135.0,1927,US,"W.W. Grainger, Inc."
WAB,Wabtec,Industrials,Construction Machinery & Heavy Transportation Equipment,"Pittsburgh, Pennsylvania",2019-02-27,943452.0,1999 (1869),US,Westinghouse Air Brake Technologies Corporation
WBA,Walgreens Boots Alliance,Consumer Staples,Drug Retail,"Deerfield, Illinois",1979-12-31,1618921.0,2014,US,"Walgreens Boots Alliance, Inc."
WMT,Walmart,Consumer Staples,Consumer Staples Merchandise Retail,"Bentonville, Arkansas",1982-08-31,104169.0,1962,US,Walmart Inc.
DIS,Walt Disney Company (The),Communication Services,Movies & Entertainment,"Burbank, California",1976-06-30,1744489.0,1923,US,The Walt Disney Company
WBD,Warner Bros. Discovery,Communication Services,Broadcasting,"New York City, New York",2022-04-11,1437107.0,2022 (Warner Bros. 1923),US,"Warner Bros. Discovery, Inc."
WM,Waste Management,Industrials,Environmental & Facilities Services,"Houston, Texas",1998-08-31,823768.0,1968,US,"Waste Management, Inc."
WAT,Waters Corporation,Health Care,Life Sciences Tools & Services,"Milford, Massachusetts",2002-01-02,1000697.0,1958,US,Waters Corporation
WEC,WEC Energy Group,Utilities,Electric Utilities,"Milwaukee, Wisconsin",2008-10-31,783325.0,1896,US,"WEC Energy Group, Inc."
WFC,Wells Fargo,Financials,Diversified Banks,"San Francisco, California",1976-06-30,72971.0,1852,US,Wells Fargo & Company
WELL,Welltower,Real Estate,Health Care REITs,"Toledo, Ohio",2009-01-30,766704.0,1970,US,Welltower Inc.
WST,West Pharmaceutical Services,Health Care,Health Care Supplies,"Exton, Pennsylvania",2020-05-22,105770.0,1923,US,"West Pharmaceutical Services, Inc."
WDC,Western Digital,Information Technology,"Technology Hardware, Storage & Peripherals","San Jose, California",2009-07-01,106040.0,1970,US,Western Digital Corporation
WY,Weyerhaeuser,Real Estate,Timber REITs,"Seattle, Washington",1979-10-01,106535.0,1900,US,Weyerhaeuser Company
WSM,"Williams-Sonoma, Inc.",Consumer Discretionary,Homefurnishing Retail,"San Francisco, California",2025-03-24,719955.0,1956,US,"Williams-Sonoma, Inc."
WMB,Williams Companies,Energy,Oil & Gas Storage & Transportation,"Tulsa, Oklahoma",1975-03-31,107263.0,1908,US,"The Williams Companies, Inc."
WTW,Willis Towers Watson,Financials,Insurance Brokers,"London, United Kingdom",2016-01-05,1140536.0,2016,US,Willis Towers Watson Public Limited Company
WDAY,"Workday, Inc.",Information Technology,Application Software,"Pleasanton, California",2024-12-23,1327811.0,2005,US,"Workday, Inc."
WYNN,Wynn Resorts,Consumer Discretionary,Casinos & Gaming,"Paradise, Nevada",2008-11-14,1174922.0,2002,US,"Wynn Resorts, Limited"
XEL,Xcel Energy,Utilities,Multi-Utilities,"Minneapolis, Minnesota",1957-03-04,72903.0,1909,US,Xcel Energy Inc.
XYL,Xylem Inc.,Industrials,Industrial Machinery & Supplies & Components,"White Plains, New York",2011-11-01,1524472.0,2011,US,Xylem Inc.
YUM,Yum! Brands,Consumer Discretionary,Restaurants,"Louisville, Kentucky",1997-10-06,1041061.0,1997,US,"Yum! Brands, Inc."
ZBRA,Zebra Technologies,Information Technology,Electronic Equipment & Instruments,"Lincolnshire, Illinois",2019-12-23,877212.0,1969,US,Zebra Technologies Corporation
ZBH,Zimmer Biomet,Health Care,Health Care Equipment,"Warsaw, Indiana",2001-08-07,1136869.0,1927,US,"Zimmer Biomet Holdings, Inc."
ZTS,Zoetis,Health Care,Pharmaceuticals,"Parsippany, New Jersey",2013-06-21,1555280.0,1952,US,Zoetis Inc.
